Workbook

Sheet Dati
A1: Nome | B1: Cognome | C1: Età | D1: Titolo di Studio | E1: Indirizzo | F1: Professione in Azienda
A2: Umberto | B2: Micca | C2: 42 | D2: Laurea magistrale | E2: Rotonda Ivo, 1 Appartamento 35, 00023, Arsoli (RM) | F2: Impiegato amministrativo
A3: Emilio | B3: Moccia | C3: 29 | D3: Laurea triennale | E3: Vicolo Ferragni, 1 Appartamento 72, 07038, Trinita' D'Agultu E Vignola (SS) | F3: Responsabile vendite
A4: Beatrice | B4: Lerner | C4: 52 | D4: Master | E4: Via Giulia, 3, 17033, Casanova Lerrone (SV) | F4: Operaio specializzato
A5: Damiano | B5: Marazzi | C5: 56 | D5: Laurea magistrale | E5: Borgo Norbiato, 75, 35045, Ospedaletto Euganeo (PD) | F5: Analista dati
A6: Paride | B6: Pepe | C6: 45 | D6: Diploma di scuola superiore | E6: Vicolo Elmo, 89 Appartamento 68, 30131, Venezia (VE) | F6: Analista dati
A7: Baccio | B7: Gabbana | C7: 21 | D7: Laurea triennale | E7: Incrocio Sinisi, 91 Appartamento 82, 95029, Viagrande (CT) | F7: Responsabile vendite
A8: Fiorenzo | B8: Gangemi | C8: 35 | D8: Master | E8: Canale Ziani, 86 Piano 5, 35014, Fontaniva (PD) | F8: Direttore risorse umane
A9: Vincenzo | B9: Filippelli | C9: 33 | D9: Master | E9: Rotonda Renata, 6 Piano 3, 84084, Fisciano (SA) | F9: Project Manager
A10: Dante | B10: Vivaldi | C10: 51 | D10: Dottorato di ricerca | E10: Canale Adelmo, 0 Appartamento 10, 35026, Conselve (PD) | F10: Analista dati
A11: Lara | B11: Respighi | C11: 42 | D11: Laurea magistrale | E11: Incrocio Villadicani, 58, 40013, Progresso (BO) | F11: Tecnico informatico
A12: Annetta | B12: Einaudi | C12: 46 | D12: Laurea magistrale | E12: Piazza Donatella, 67, 25052, Pian Di Borno (BS) | F12: Tecnico informatico
A13: Melina | B13: Basso | C13: 54 | D13: Diploma di scuola superiore | E13: Via Calcedonio, 45 Appartamento 76, 32010, Soverzene (BL) | F13: Direttore risorse umane
... A251: Domenico | B251: Porcellato | C251: 22 | D251: Diploma di scuola superiore | E251: Strada Vidoni, 50, 12049, Trinita' (CN) | F251: Impiegato amministrativo

Sheet Dati sistemati
A1: Nome | B1: Cognome | C1: Età | E1: Titolo di Studio | G1: Professione
A2: Adelmo | B2: Anichini | C2: {=VLOOKUP(A2:B2,Dati!$A$2:$F$251,3,FALSE)} -> 24 | D2: #N/A | E2: {=VLOOKUP(A2:B2,Dati!$A$2:$F$251,4,FALSE)} -> Laurea triennale | F2: #N/A | G2: {=VLOOKUP(A2:B2,Dati!A82:F331,6,FALSE)} -> Responsabile vendite | H2: #N/A
A3: Adriana | B3: Chindamo | C3: {=VLOOKUP(A3:B3,Dati!$A$2:$F$251,3,FALSE)} -> 22 | D3: #N/A | E3: {=VLOOKUP(A3:B3,Dati!$A$2:$F$251,4,FALSE)} -> Dottorato di ricerca | F3: #N/A | G3: {=VLOOKUP(A3:B3,Dati!A150:F399,6,FALSE)} -> Tecnico informatico | H3: #N/A
A4: Adriana | B4: Faranda | C4: {=VLOOKUP(A4:B4,Dati!$A$2:$F$251,3,FALSE)} -> 22 | D4: #N/A | E4: {=VLOOKUP(A4:B4,Dati!$A$2:$F$251,4,FALSE)} -> Dottorato di ricerca | F4: #N/A | G4: {=VLOOKUP(A4:B4,Dati!A188:F437,6,FALSE)} -> Analista dati | H4: #N/A
A5: Agnolo | B5: Ferrari | C5: {=VLOOKUP(A5:B5,Dati!$A$2:$F$251,3,FALSE)} -> 64 | D5: #N/A | E5: {=VLOOKUP(A5:B5,Dati!$A$2:$F$251,4,FALSE)} -> Diploma di scuola superiore | F5: #N/A | G5: {=VLOOKUP(A5:B5,Dati!A178:F427,6,FALSE)} -> Analista dati | H5: #N/A
A6: Agostino | B6: Polesel | C6: {=VLOOKUP(A6:B6,Dati!$A$2:$F$251,3,FALSE)} -> 32 | D6: #N/A | E6: {=VLOOKUP(A6:B6,Dati!$A$2:$F$251,4,FALSE)} -> Master | F6: #N/A | G6: {=VLOOKUP(A6:B6,Dati!A203:F452,6,FALSE)} -> Analista dati | H6: #N/A
A7: Alfredo | B7: Gabrieli | C7: {=VLOOKUP(A7:B7,Dati!$A$2:$F$251,3,FALSE)} -> 50 | D7: #N/A | E7: {=VLOOKUP(A7:B7,Dati!$A$2:$F$251,4,FALSE)} -> Laurea magistrale | F7: #N/A | G7: {=VLOOKUP(A7:B7,Dati!A19:F268,6,FALSE)} -> Tecnico informatico | H7: #N/A
A8: Alfredo | B8: Vigliotti | C8: {=VLOOKUP(A8:B8,Dati!$A$2:$F$251,3,FALSE)} -> 50 | D8: #N/A | E8: {=VLOOKUP(A8:B8,Dati!$A$2:$F$251,4,FALSE)} -> Laurea magistrale | F8: #N/A | G8: {=VLOOKUP(A8:B8,Dati!A182:F431,6,FALSE)} -> Project Manager | H8: #N/A
A9: Alina | B9: Jovinelli | C9: {=VLOOKUP(A9:B9,Dati!$A$2:$F$251,3,FALSE)} -> 22 | D9: #N/A | E9: {=VLOOKUP(A9:B9,Dati!$A$2:$F$251,4,FALSE)} -> Master | F9: #N/A | G9: {=VLOOKUP(A9:B9,Dati!A207:F456,6,FALSE)} -> Analista dati | H9: #N/A
A10: Allegra | B10: Guidone | C10: {=VLOOKUP(A10:B10,Dati!$A$2:$F$251,3,FALSE)} -> 63 | D10: #N/A | E10: {=VLOOKUP(A10:B10,Dati!$A$2:$F$251,4,FALSE)} -> Diploma di scuola superiore | F10: #N/A | G10: {=VLOOKUP(A10:B10,Dati!A22:F271,6,FALSE)} -> Analista dati | H10: #N/A
A11: Allegra | B11: Gagliano | C11: {=VLOOKUP(A11:B11,Dati!$A$2:$F$251,3,FALSE)} -> 63 | D11: #N/A | E11: {=VLOOKUP(A11:B11,Dati!$A$2:$F$251,4,FALSE)} -> Diploma di scuola superiore | F11: #N/A | G11: {=VLOOKUP(A11:B11,Dati!A220:F469,6,FALSE)} -> Impiegato amministrativo | H11: #N/A
A12: Allegra | B12: Baggio | C12: {=VLOOKUP(A12:B12,Dati!$A$2:$F$251,3,FALSE)} -> 63 | D12: #N/A | E12: {=VLOOKUP(A12:B12,Dati!$A$2:$F$251,4,FALSE)} -> Diploma di scuola superiore | F12: #N/A | G12: {=VLOOKUP(A12:B12,Dati!A231:F480,6,FALSE)} -> Responsabile vendite | H12: #N/A
A13: Amadeo | B13: Pastine | C13: {=VLOOKUP(A13:B13,Dati!$A$2:$F$251,3,FALSE)} -> 48 | D13: #N/A | E13: {=VLOOKUP(A13:B13,Dati!$A$2:$F$251,4,FALSE)} -> Laurea magistrale | F13: #N/A | G13: {=VLOOKUP(A13:B13,Dati!A86:F335,6,FALSE)} -> Direttore risorse umane | H13: #N/A
A14: Amico | B14: Saffi | C14: {=VLOOKUP(A14:B14,Dati!$A$2:$F$251,3,FALSE)} -> 27 | D14: #N/A | E14: {=VLOOKUP(A14:B14,Dati!$A$2:$F$251,4,FALSE)} -> Dottorato di ricerca | F14: #N/A | G14: {=VLOOKUP(A14:B14,Dati!A110:F359,6,FALSE)} -> Project Manager | H14: #N/A
A15: Angelica | B15: Moneta | C15: {=VLOOKUP(A15:B15,Dati!$A$2:$F$251,3,FALSE)} -> 21 | D15: #N/A | E15: {=VLOOKUP(A15:B15,Dati!$A$2:$F$251,4,FALSE)} -> Diploma di scuola superiore | F15: #N/A | G15: {=VLOOKUP(A15:B15,Dati!A243:F492,6,FALSE)} -> Tecnico informatico | H15: #N/A
A16: Angelo | B16: Pavone | C16: {=VLOOKUP(A16:B16,Dati!$A$2:$F$251,3,FALSE)} -> 65 | D16: #N/A | E16: {=VLOOKUP(A16:B16,Dati!$A$2:$F$251,4,FALSE)} -> Laurea magistrale | F16: #N/A | G16: {=VLOOKUP(A16:B16,Dati!A206:F455,6,FALSE)} -> Responsabile vendite | H16: #N/A
A17: Annalisa | B17: Pietrangeli | C17: {=VLOOKUP(A17:B17,Dati!$A$2:$F$251,3,FALSE)} -> 20 | D17: #N/A | E17: {=VLOOKUP(A17:B17,Dati!$A$2:$F$251,4,FALSE)} -> Laurea triennale | F17: #N/A | G17: {=VLOOKUP(A17:B17,Dati!A204:F453,6,FALSE)} -> Project Manager | H17: #N/A
A18: Annamaria | B18: Burcardo | C18: {=VLOOKUP(A18:B18,Dati!$A$2:$F$251,3,FALSE)} -> 40 | D18: #N/A | E18: {=VLOOKUP(A18:B18,Dati!$A$2:$F$251,4,FALSE)} -> Diploma di scuola superiore | F18: #N/A | G18: {=VLOOKUP(A18:B18,Dati!A27:F276,6,FALSE)} -> Tecnico informatico | H18: #N/A
A19: Annamaria | B19: Rocca | C19: {=VLOOKUP(A19:B19,Dati!$A$2:$F$251,3,FALSE)} -> 40 | D19: #N/A | E19: {=VLOOKUP(A19:B19,Dati!$A$2:$F$251,4,FALSE)} -> Diploma di scuola superiore | F19: #N/A | G19: {=VLOOKUP(A19:B19,Dati!A77:F326,6,FALSE)} -> Tecnico informatico | H19: #N/A
A20: Annetta | B20: Einaudi | C20: {=VLOOKUP(A20:B20,Dati!$A$2:$F$251,3,FALSE)} -> 46 | D20: #N/A | E20: {=VLOOKUP(A20:B20,Dati!$A$2:$F$251,4,FALSE)} -> Laurea magistrale | F20: #N/A | G20: {=VLOOKUP(A20:B20,Dati!A12:F261,6,FALSE)} -> Tecnico informatico | H20: #N/A
A21: Annibale | B21: Rossi | C21: {=VLOOKUP(A21:B21,Dati!$A$2:$F$251,3,FALSE)} -> 64 | D21: #N/A | E21: {=VLOOKUP(A21:B21,Dati!$A$2:$F$251,4,FALSE)} -> Laurea magistrale | F21: #N/A | G21: {=VLOOKUP(A21:B21,Dati!A50:F299,6,FALSE)} -> Impiegato amministrativo | H21: #N/A
A22: Antonello | B22: Giammusso | C22: {=VLOOKUP(A22:B22,Dati!$A$2:$F$251,3,FALSE)} -> 36 | D22: #N/A | E22: {=VLOOKUP(A22:B22,Dati!$A$2:$F$251,4,FALSE)} -> Laurea triennale | F22: #N/A | G22: {=VLOOKUP(A22:B22,Dati!A15:F264,6,FALSE)} -> Responsabile vendite | H22: #N/A
A23: Antonino | B23: Casagrande | C23: {=VLOOKUP(A23:B23,Dati!$A$2:$F$251,3,FALSE)} -> 56 | D23: #N/A | E23: {=VLOOKUP(A23:B23,Dati!$A$2:$F$251,4,FALSE)} -> Diploma di scuola superiore | F23: #N/A | G23: {=VLOOKUP(A23:B23,Dati!A94:F343,6,FALSE)} -> Responsabile vendite | H23: #N/A
A24: Arturo | B24: Malaparte | C24: {=VLOOKUP(A24:B24,Dati!$A$2:$F$251,3,FALSE)} -> 32 | D24: #N/A | E24: {=VLOOKUP(A24:B24,Dati!$A$2:$F$251,4,FALSE)} -> Dottorato di ricerca | F24: #N/A | G24: {=VLOOKUP(A24:B24,Dati!A70:F319,6,FALSE)} -> Responsabile vendite | H24: #N/A
A25: Atenulf | B25: Pizzo | C25: {=VLOOKUP(A25:B25,Dati!$A$2:$F$251,3,FALSE)} -> 24 | D25: #N/A | E25: {=VLOOKUP(A25:B25,Dati!$A$2:$F$251,4,FALSE)} -> Diploma di scuola superiore | F25: #N/A | G25: {=VLOOKUP(A25:B25,Dati!A105:F354,6,FALSE)} -> Marketing Specialist | H25: #N/A
A26: Azeglio | B26: Lombardi | C26: {=VLOOKUP(A26:B26,Dati!$A$2:$F$251,3,FALSE)} -> 51 | D26: #N/A | E26: {=VLOOKUP(A26:B26,Dati!$A$2:$F$251,4,FALSE)} -> Laurea triennale | F26: #N/A | G26: {=VLOOKUP(A26:B26,Dati!A126:F375,6,FALSE)} -> Operaio specializzato | H26: #N/A
A27: Baccio | B27: Gabbana | C27: {=VLOOKUP(A27:B27,Dati!$A$2:$F$251,3,FALSE)} -> 21 | D27: #N/A | E27: {=VLOOKUP(A27:B27,Dati!$A$2:$F$251,4,FALSE)} -> Laurea triennale | F27: #N/A | G27: {=VLOOKUP(A27:B27,Dati!A7:F256,6,FALSE)} -> Responsabile vendite | H27: #N/A
A28: Beatrice | B28: Lerner | C28: {=VLOOKUP(A28:B28,Dati!$A$2:$F$251,3,FALSE)} -> 52 | D28: #N/A | E28: {=VLOOKUP(A28:B28,Dati!$A$2:$F$251,4,FALSE)} -> Master | F28: #N/A | G28: {=VLOOKUP(A28:B28,Dati!A4:F253,6,FALSE)} -> Operaio specializzato | H28: #N/A
A29: Beatrice | B29: Salvo | C29: {=VLOOKUP(A29:B29,Dati!$A$2:$F$251,3,FALSE)} -> 52 | D29: #N/A | E29: {=VLOOKUP(A29:B29,Dati!$A$2:$F$251,4,FALSE)} -> Master | F29: #N/A | G29: {=VLOOKUP(A29:B29,Dati!A73:F322,6,FALSE)} -> Marketing Specialist | H29: #N/A
A30: Beatrice | B30: Bresciani | C30: {=VLOOKUP(A30:B30,Dati!$A$2:$F$251,3,FALSE)} -> 52 | D30: #N/A | E30: {=VLOOKUP(A30:B30,Dati!$A$2:$F$251,4,FALSE)} -> Master | F30: #N/A | G30: {=VLOOKUP(A30:B30,Dati!A165:F414,6,FALSE)} -> Tecnico informatico | H30: #N/A
A31: Berenice | B31: Cianciolo | C31: {=VLOOKUP(A31:B31,Dati!$A$2:$F$251,3,FALSE)} -> 49 | D31: #N/A | E31: {=VLOOKUP(A31:B31,Dati!$A$2:$F$251,4,FALSE)} -> Laurea triennale | F31: #N/A | G31: {=VLOOKUP(A31:B31,Dati!A125:F374,6,FALSE)} -> Tecnico informatico | H31: #N/A
A32: Bernardo | B32: Nitto | C32: {=VLOOKUP(A32:B32,Dati!$A$2:$F$251,3,FALSE)} -> 56 | D32: #N/A | E32: {=VLOOKUP(A32:B32,Dati!$A$2:$F$251,4,FALSE)} -> Master | F32: #N/A | G32: {=VLOOKUP(A32:B32,Dati!A102:F351,6,FALSE)} -> Operaio specializzato | H32: #N/A
A33: Biagio | B33: Canetta | C33: {=VLOOKUP(A33:B33,Dati!$A$2:$F$251,3,FALSE)} -> 49 | D33: #N/A | E33: {=VLOOKUP(A33:B33,Dati!$A$2:$F$251,4,FALSE)} -> Master | F33: #N/A | G33: {=VLOOKUP(A33:B33,Dati!A164:F413,6,FALSE)} -> Marketing Specialist | H33: #N/A
A34: Bianca | B34: Salieri | C34: {=VLOOKUP(A34:B34,Dati!$A$2:$F$251,3,FALSE)} -> 59 | D34: #N/A | E34: {=VLOOKUP(A34:B34,Dati!$A$2:$F$251,4,FALSE)} -> Laurea triennale | F34: #N/A | G34: {=VLOOKUP(A34:B34,Dati!A123:F372,6,FALSE)} -> Direttore risorse umane | H34: #N/A
A35: Bianca | B35: Pulci | C35: {=VLOOKUP(A35:B35,Dati!$A$2:$F$251,3,FALSE)} -> 59 | D35: #N/A | E35: {=VLOOKUP(A35:B35,Dati!$A$2:$F$251,4,FALSE)} -> Laurea triennale | F35: #N/A | G35: {=VLOOKUP(A35:B35,Dati!A172:F421,6,FALSE)} -> Responsabile vendite | H35: #N/A
A36: Bruno | B36: Mogherini | C36: {=VLOOKUP(A36:B36,Dati!$A$2:$F$251,3,FALSE)} -> 48 | D36: #N/A | E36: {=VLOOKUP(A36:B36,Dati!$A$2:$F$251,4,FALSE)} -> Dottorato di ricerca | F36: #N/A | G36: {=VLOOKUP(A36:B36,Dati!A237:F486,6,FALSE)} -> Direttore risorse umane | H36: #N/A
A37: Calogero | B37: Monduzzi | C37: {=VLOOKUP(A37:B37,Dati!$A$2:$F$251,3,FALSE)} -> 49 | D37: #N/A | E37: {=VLOOKUP(A37:B37,Dati!$A$2:$F$251,4,FALSE)} -> Laurea triennale | F37: #N/A | G37: {=VLOOKUP(A37:B37,Dati!A48:F297,6,FALSE)} -> Tecnico informatico | H37: #N/A
A38: Camilla | B38: Zaccardo | C38: {=VLOOKUP(A38:B38,Dati!$A$2:$F$251,3,FALSE)} -> 20 | D38: #N/A | E38: {=VLOOKUP(A38:B38,Dati!$A$2:$F$251,4,FALSE)} -> Diploma di scuola superiore | F38: #N/A | G38: {=VLOOKUP(A38:B38,Dati!A62:F311,6,FALSE)} -> Contabile | H38: #N/A
A39: Carla | B39: Travaglio | C39: {=VLOOKUP(A39:B39,Dati!$A$2:$F$251,3,FALSE)} -> 61 | D39: #N/A | E39: {=VLOOKUP(A39:B39,Dati!$A$2:$F$251,4,FALSE)} -> Diploma di scuola superiore | F39: #N/A | G39: {=VLOOKUP(A39:B39,Dati!A112:F361,6,FALSE)} -> Marketing Specialist | H39: #N/A
A40: Carolina | B40: Impastato | C40: {=VLOOKUP(A40:B40,Dati!$A$2:$F$251,3,FALSE)} -> 49 | D40: #N/A | E40: {=VLOOKUP(A40:B40,Dati!$A$2:$F$251,4,FALSE)} -> Laurea magistrale | F40: #N/A | G40: {=VLOOKUP(A40:B40,Dati!A72:F321,6,FALSE)} -> Direttore risorse umane | H40: #N/A
A41: Chiara | B41: Dossetti | C41: {=VLOOKUP(A41:B41,Dati!$A$2:$F$251,3,FALSE)} -> 58 | D41: #N/A | E41: {=VLOOKUP(A41:B41,Dati!$A$2:$F$251,4,FALSE)} -> Laurea triennale | F41: #N/A | G41: {=VLOOKUP(A41:B41,Dati!A169:F418,6,FALSE)} -> Responsabile vendite | H41: #N/A
A42: Ciro | B42: Nordio | C42: {=VLOOKUP(A42:B42,Dati!$A$2:$F$251,3,FALSE)} -> 25 | D42: #N/A | E42: {=VLOOKUP(A42:B42,Dati!$A$2:$F$251,4,FALSE)} -> Diploma di scuola superiore | F42: #N/A | G42: {=VLOOKUP(A42:B42,Dati!A134:F383,6,FALSE)} -> Responsabile vendite | H42: #N/A
A43: Claudia | B43: Bertolucci | C43: {=VLOOKUP(A43:B43,Dati!$A$2:$F$251,3,FALSE)} -> 31 | D43: #N/A | E43: {=VLOOKUP(A43:B43,Dati!$A$2:$F$251,4,FALSE)} -> Master | F43: #N/A | G43: {=VLOOKUP(A43:B43,Dati!A224:F473,6,FALSE)} -> Addetto logistica | H43: #N/A
A44: Claudio | B44: Foletti | C44: {=VLOOKUP(A44:B44,Dati!$A$2:$F$251,3,FALSE)} -> 62 | D44: #N/A | E44: {=VLOOKUP(A44:B44,Dati!$A$2:$F$251,4,FALSE)} -> Diploma di scuola superiore | F44: #N/A | G44: {=VLOOKUP(A44:B44,Dati!A229:F478,6,FALSE)} -> Impiegato amministrativo | H44: #N/A
A45: Concetta | B45: Mazzacurati | C45: {=VLOOKUP(A45:B45,Dati!$A$2:$F$251,3,FALSE)} -> 38 | D45: #N/A | E45: {=VLOOKUP(A45:B45,Dati!$A$2:$F$251,4,FALSE)} -> Master | F45: #N/A | G45: {=VLOOKUP(A45:B45,Dati!A88:F337,6,FALSE)} -> Addetto logistica | H45: #N/A
A46: Costantino | B46: Berengario | C46: {=VLOOKUP(A46:B46,Dati!$A$2:$F$251,3,FALSE)} -> 54 | D46: #N/A | E46: {=VLOOKUP(A46:B46,Dati!$A$2:$F$251,4,FALSE)} -> Master | F46: #N/A | G46: {=VLOOKUP(A46:B46,Dati!A80:F329,6,FALSE)} -> Responsabile vendite | H46: #N/A
A47: Damiano | B47: Marazzi | C47: {=VLOOKUP(A47:B47,Dati!$A$2:$F$251,3,FALSE)} -> 56 | D47: #N/A | E47: {=VLOOKUP(A47:B47,Dati!$A$2:$F$251,4,FALSE)} -> Laurea magistrale | F47: #N/A | G47: {=VLOOKUP(A47:B47,Dati!A5:F254,6,FALSE)} -> Analista dati | H47: #N/A
A48: Dante | B48: Vivaldi | C48: {=VLOOKUP(A48:B48,Dati!$A$2:$F$251,3,FALSE)} -> 51 | D48: #N/A | E48: {=VLOOKUP(A48:B48,Dati!$A$2:$F$251,4,FALSE)} -> Dottorato di ricerca | F48: #N/A | G48: {=VLOOKUP(A48:B48,Dati!A10:F259,6,FALSE)} -> Analista dati | H48: #N/A
A49: Dario | B49: Andreotti | C49: {=VLOOKUP(A49:B49,Dati!$A$2:$F$251,3,FALSE)} -> 32 | D49: #N/A | E49: {=VLOOKUP(A49:B49,Dati!$A$2:$F$251,4,FALSE)} -> Master | F49: #N/A | G49: {=VLOOKUP(A49:B49,Dati!A122:F371,6,FALSE)} -> Operaio specializzato | H49: #N/A
A50: Diana | B50: Scarpa | C50: {=VLOOKUP(A50:B50,Dati!$A$2:$F$251,3,FALSE)} -> 38 | D50: #N/A | E50: {=VLOOKUP(A50:B50,Dati!$A$2:$F$251,4,FALSE)} -> Diploma di scuola superiore | F50: #N/A | G50: {=VLOOKUP(A50:B50,Dati!A84:F333,6,FALSE)} -> Addetto logistica | H50: #N/A
A51: Dina | B51: Moresi | C51: {=VLOOKUP(A51:B51,Dati!$A$2:$F$251,3,FALSE)} -> 35 | D51: #N/A | E51: {=VLOOKUP(A51:B51,Dati!$A$2:$F$251,4,FALSE)} -> Dottorato di ricerca | F51: #N/A | G51: {=VLOOKUP(A51:B51,Dati!A41:F290,6,FALSE)} -> Analista dati | H51: #N/A
A52: Dino | B52: Fracci | C52: {=VLOOKUP(A52:B52,Dati!$A$2:$F$251,3,FALSE)} -> 39 | D52: #N/A | E52: {=VLOOKUP(A52:B52,Dati!$A$2:$F$251,4,FALSE)} -> Laurea magistrale | F52: #N/A | G52: {=VLOOKUP(A52:B52,Dati!A176:F425,6,FALSE)} -> Direttore risorse umane | H52: #N/A
A53: Dionigi | B53: Sandi | C53: {=VLOOKUP(A53:B53,Dati!$A$2:$F$251,3,FALSE)} -> 41 | D53: #N/A | E53: {=VLOOKUP(A53:B53,Dati!$A$2:$F$251,4,FALSE)} -> Master | F53: #N/A | G53: {=VLOOKUP(A53:B53,Dati!A104:F353,6,FALSE)} -> Addetto logistica | H53: #N/A
A54: Dolores | B54: Micca | C54: {=VLOOKUP(A54:B54,Dati!$A$2:$F$251,3,FALSE)} -> 59 | D54: #N/A | E54: {=VLOOKUP(A54:B54,Dati!$A$2:$F$251,4,FALSE)} -> Diploma di scuola superiore | F54: #N/A | G54: {=VLOOKUP(A54:B54,Dati!A131:F380,6,FALSE)} -> Marketing Specialist | H54: #N/A
A55: Domenico | B55: Guidone | C55: {=VLOOKUP(A55:B55,Dati!$A$2:$F$251,3,FALSE)} -> 32 | D55: #N/A | E55: {=VLOOKUP(A55:B55,Dati!$A$2:$F$251,4,FALSE)} -> Dottorato di ricerca | F55: #N/A | G55: {=VLOOKUP(A55:B55,Dati!A46:F295,6,FALSE)} -> Addetto logistica | H55: #N/A
A56: Domenico | B56: Offredi | C56: {=VLOOKUP(A56:B56,Dati!$A$2:$F$251,3,FALSE)} -> 32 | D56: #N/A | E56: {=VLOOKUP(A56:B56,Dati!$A$2:$F$251,4,FALSE)} -> Dottorato di ricerca | F56: #N/A | G56: {=VLOOKUP(A56:B56,Dati!A57:F306,6,FALSE)} -> Project Manager | H56: #N/A
A57: Domenico | B57: Morricone | C57: {=VLOOKUP(A57:B57,Dati!$A$2:$F$251,3,FALSE)} -> 32 | D57: #N/A | E57: {=VLOOKUP(A57:B57,Dati!$A$2:$F$251,4,FALSE)} -> Dottorato di ricerca | F57: #N/A | G57: {=VLOOKUP(A57:B57,Dati!A127:F376,6,FALSE)} -> Addetto logistica | H57: #N/A
A58: Domenico | B58: Mastandrea | C58: {=VLOOKUP(A58:B58,Dati!$A$2:$F$251,3,FALSE)} -> 32 | D58: #N/A | E58: {=VLOOKUP(A58:B58,Dati!$A$2:$F$251,4,FALSE)} -> Dottorato di ricerca | F58: #N/A | G58: {=VLOOKUP(A58:B58,Dati!A149:F398,6,FALSE)} -> Analista dati | H58: #N/A
A59: Domenico | B59: Porcellato | C59: {=VLOOKUP(A59:B59,Dati!$A$2:$F$251,3,FALSE)} -> 32 | D59: #N/A | E59: {=VLOOKUP(A59:B59,Dati!$A$2:$F$251,4,FALSE)} -> Dottorato di ricerca | F59: #N/A | G59: {=VLOOKUP(A59:B59,Dati!A251:F500,6,FALSE)} -> Impiegato amministrativo | H59: #N/A
A60: Donatella | B60: Proietti | C60: {=VLOOKUP(A60:B60,Dati!$A$2:$F$251,3,FALSE)} -> 46 | D60: #N/A | E60: {=VLOOKUP(A60:B60,Dati!$A$2:$F$251,4,FALSE)} -> Dottorato di ricerca | F60: #N/A | G60: {=VLOOKUP(A60:B60,Dati!A55:F304,6,FALSE)} -> Responsabile vendite | H60: #N/A
A61: Donatella | B61: Malaparte | C61: {=VLOOKUP(A61:B61,Dati!$A$2:$F$251,3,FALSE)} -> 46 | D61: #N/A | E61: {=VLOOKUP(A61:B61,Dati!$A$2:$F$251,4,FALSE)} -> Dottorato di ricerca | F61: #N/A | G61: {=VLOOKUP(A61:B61,Dati!A58:F307,6,FALSE)} -> Responsabile vendite | H61: #N/A
A62: Donatello | B62: Renzi | C62: {=VLOOKUP(A62:B62,Dati!$A$2:$F$251,3,FALSE)} -> 62 | D62: #N/A | E62: {=VLOOKUP(A62:B62,Dati!$A$2:$F$251,4,FALSE)} -> Diploma di scuola superiore | F62: #N/A | G62: {=VLOOKUP(A62:B62,Dati!A171:F420,6,FALSE)} -> Project Manager | H62: #N/A
A63: Donato | B63: Riccardi | C63: {=VLOOKUP(A63:B63,Dati!$A$2:$F$251,3,FALSE)} -> 57 | D63: #N/A | E63: {=VLOOKUP(A63:B63,Dati!$A$2:$F$251,4,FALSE)} -> Dottorato di ricerca | F63: #N/A | G63: {=VLOOKUP(A63:B63,Dati!A115:F364,6,FALSE)} -> Direttore risorse umane | H63: #N/A
A64: Durante | B64: Caironi | C64: {=VLOOKUP(A64:B64,Dati!$A$2:$F$251,3,FALSE)} -> 47 | D64: #N/A | E64: {=VLOOKUP(A64:B64,Dati!$A$2:$F$251,4,FALSE)} -> Master | F64: #N/A | G64: {=VLOOKUP(A64:B64,Dati!A219:F468,6,FALSE)} -> Tecnico informatico | H64: #N/A
A65: Elena | B65: Scalera | C65: {=VLOOKUP(A65:B65,Dati!$A$2:$F$251,3,FALSE)} -> 50 | D65: #N/A | E65: {=VLOOKUP(A65:B65,Dati!$A$2:$F$251,4,FALSE)} -> Laurea magistrale | F65: #N/A | G65: {=VLOOKUP(A65:B65,Dati!A209:F458,6,FALSE)} -> Direttore risorse umane | H65: #N/A
A66: Elmo | B66: Baresi | C66: {=VLOOKUP(A66:B66,Dati!$A$2:$F$251,3,FALSE)} -> 36 | D66: #N/A | E66: {=VLOOKUP(A66:B66,Dati!$A$2:$F$251,4,FALSE)} -> Diploma di scuola superiore | F66: #N/A | G66: {=VLOOKUP(A66:B66,Dati!A183:F432,6,FALSE)} -> Project Manager | H66: #N/A
A67: Emilio | B67: Moccia | C67: {=VLOOKUP(A67:B67,Dati!$A$2:$F$251,3,FALSE)} -> 29 | D67: #N/A | E67: {=VLOOKUP(A67:B67,Dati!$A$2:$F$251,4,FALSE)} -> Laurea triennale | F67: #N/A | G67: {=VLOOKUP(A67:B67,Dati!A3:F252,6,FALSE)} -> Responsabile vendite | H67: #N/A
A68: Emilio | B68: Trentin | C68: {=VLOOKUP(A68:B68,Dati!$A$2:$F$251,3,FALSE)} -> 29 | D68: #N/A | E68: {=VLOOKUP(A68:B68,Dati!$A$2:$F$251,4,FALSE)} -> Laurea triennale | F68: #N/A | G68: {=VLOOKUP(A68:B68,Dati!A241:F490,6,FALSE)} -> Responsabile vendite | H68: #N/A
A69: Ennio | B69: Palombi | C69: {=VLOOKUP(A69:B69,Dati!$A$2:$F$251,3,FALSE)} -> 45 | D69: #N/A | E69: {=VLOOKUP(A69:B69,Dati!$A$2:$F$251,4,FALSE)} -> Dottorato di ricerca | F69: #N/A | G69: {=VLOOKUP(A69:B69,Dati!A68:F317,6,FALSE)} -> Direttore risorse umane | H69: #N/A
A70: Enrico | B70: Pellico | C70: {=VLOOKUP(A70:B70,Dati!$A$2:$F$251,3,FALSE)} -> 56 | D70: #N/A | E70: {=VLOOKUP(A70:B70,Dati!$A$2:$F$251,4,FALSE)} -> Diploma di scuola superiore | F70: #N/A | G70: {=VLOOKUP(A70:B70,Dati!A40:F289,6,FALSE)} -> Responsabile vendite | H70: #N/A
A71: Enzio | B71: Staglieno | C71: {=VLOOKUP(A71:B71,Dati!$A$2:$F$251,3,FALSE)} -> 41 | D71: #N/A | E71: {=VLOOKUP(A71:B71,Dati!$A$2:$F$251,4,FALSE)} -> Diploma di scuola superiore | F71: #N/A | G71: {=VLOOKUP(A71:B71,Dati!A108:F357,6,FALSE)} -> Tecnico informatico | H71: #N/A
A72: Enzo | B72: Zito | C72: {=VLOOKUP(A72:B72,Dati!$A$2:$F$251,3,FALSE)} -> 33 | D72: #N/A | E72: {=VLOOKUP(A72:B72,Dati!$A$2:$F$251,4,FALSE)} -> Diploma di scuola superiore | F72: #N/A | G72: {=VLOOKUP(A72:B72,Dati!A113:F362,6,FALSE)} -> Marketing Specialist | H72: #N/A
A73: Eraldo | B73: Greco | C73: {=VLOOKUP(A73:B73,Dati!$A$2:$F$251,3,FALSE)} -> 25 | D73: 51 | E73: {=VLOOKUP(A73:B73,Dati!$A$2:$F$251,4,FALSE)} -> Diploma di scuola superiore | F73: Laurea triennale | G73: {=VLOOKUP(A73:B73,Dati!A43:F292,6,FALSE)} -> Addetto logistica | H73: Tecnico informatico
A74: Eraldo | B74: Gianinazzi | C74: {=VLOOKUP(A74:B74,Dati!$A$2:$F$251,3,FALSE)} -> 25 | D74: #N/A | E74: {=VLOOKUP(A74:B74,Dati!$A$2:$F$251,4,FALSE)} -> Diploma di scuola superiore | F74: #N/A | G74: {=VLOOKUP(A74:B74,Dati!A160:F409,6,FALSE)} -> Marketing Specialist | H74: #N/A
A75: Ermanno | B75: Casadei | C75: {=VLOOKUP(A75:B75,Dati!$A$2:$F$251,3,FALSE)} -> 34 | D75: #N/A | E75: {=VLOOKUP(A75:B75,Dati!$A$2:$F$251,4,FALSE)} -> Master | F75: #N/A | G75: {=VLOOKUP(A75:B75,Dati!A148:F397,6,FALSE)} -> Marketing Specialist | H75: #N/A
A76: Ermanno | B76: Varano | C76: {=VLOOKUP(A76:B76,Dati!$A$2:$F$251,3,FALSE)} -> 34 | D76: #N/A | E76: {=VLOOKUP(A76:B76,Dati!$A$2:$F$251,4,FALSE)} -> Master | F76: #N/A | G76: {=VLOOKUP(A76:B76,Dati!A179:F428,6,FALSE)} -> Project Manager | H76: #N/A
A77: Ermenegildo | B77: Pacillo | C77: {=VLOOKUP(A77:B77,Dati!$A$2:$F$251,3,FALSE)} -> 51 | D77: #N/A | E77: {=VLOOKUP(A77:B77,Dati!$A$2:$F$251,4,FALSE)} -> Laurea magistrale | F77: #N/A | G77: {=VLOOKUP(A77:B77,Dati!A114:F363,6,FALSE)} -> Impiegato amministrativo | H77: #N/A
A78: Ermes | B78: Tomasini | C78: {=VLOOKUP(A78:B78,Dati!$A$2:$F$251,3,FALSE)} -> 32 | D78: #N/A | E78: {=VLOOKUP(A78:B78,Dati!$A$2:$F$251,4,FALSE)} -> Dottorato di ricerca | F78: #N/A | G78: {=VLOOKUP(A78:B78,Dati!A227:F476,6,FALSE)} -> Marketing Specialist | H78: #N/A
A79: Ettore | B79: Lovato | C79: {=VLOOKUP(A79:B79,Dati!$A$2:$F$251,3,FALSE)} -> 35 | D79: #N/A | E79: {=VLOOKUP(A79:B79,Dati!$A$2:$F$251,4,FALSE)} -> Laurea triennale | F79: #N/A | G79: {=VLOOKUP(A79:B79,Dati!A247:F496,6,FALSE)} -> Tecnico informatico | H79: #N/A
A80: Eva | B80: Scotto | C80: {=VLOOKUP(A80:B80,Dati!$A$2:$F$251,3,FALSE)} -> 21 | D80: #N/A | E80: {=VLOOKUP(A80:B80,Dati!$A$2:$F$251,4,FALSE)} -> Diploma di scuola superiore | F80: #N/A | G80: {=VLOOKUP(A80:B80,Dati!A14:F263,6,FALSE)} -> Impiegato amministrativo | H80: #N/A
A81: Eva | B81: Canetta | C81: {=VLOOKUP(A81:B81,Dati!$A$2:$F$251,3,FALSE)} -> 21 | D81: #N/A | E81: {=VLOOKUP(A81:B81,Dati!$A$2:$F$251,4,FALSE)} -> Diploma di scuola superiore | F81: #N/A | G81: {=VLOOKUP(A81:B81,Dati!A205:F454,6,FALSE)} -> Project Manager | H81: #N/A
A82: Fabrizia | B82: Caetani | C82: {=VLOOKUP(A82:B82,Dati!$A$2:$F$251,3,FALSE)} -> 35 | D82: #N/A | E82: {=VLOOKUP(A82:B82,Dati!$A$2:$F$251,4,FALSE)} -> Dottorato di ricerca | F82: #N/A | G82: {=VLOOKUP(A82:B82,Dati!A177:F426,6,FALSE)} -> Operaio specializzato | H82: #N/A
A83: Federico | B83: Lopresti | C83: {=VLOOKUP(A83:B83,Dati!$A$2:$F$251,3,FALSE)} -> 20 | D83: #N/A | E83: {=VLOOKUP(A83:B83,Dati!$A$2:$F$251,4,FALSE)} -> Diploma di scuola superiore | F83: #N/A | G83: {=VLOOKUP(A83:B83,Dati!A37:F286,6,FALSE)} -> Contabile | H83: #N/A
A84: Fernanda | B84: Petrucelli | C84: {=VLOOKUP(A84:B84,Dati!$A$2:$F$251,3,FALSE)} -> 31 | D84: #N/A | E84: {=VLOOKUP(A84:B84,Dati!$A$2:$F$251,4,FALSE)} -> Laurea magistrale | F84: #N/A | G84: {=VLOOKUP(A84:B84,Dati!A92:F341,6,FALSE)} -> Tecnico informatico | H84: #N/A
A85: Fiamma | B85: Branciforte | C85: {=VLOOKUP(A85:B85,Dati!$A$2:$F$251,3,FALSE)} -> 42 | D85: #N/A | E85: {=VLOOKUP(A85:B85,Dati!$A$2:$F$251,4,FALSE)} -> Diploma di scuola superiore | F85: #N/A | G85: {=VLOOKUP(A85:B85,Dati!A93:F342,6,FALSE)} -> Operaio specializzato | H85: #N/A
A86: Fiorenzo | B86: Gangemi | C86: {=VLOOKUP(A86:B86,Dati!$A$2:$F$251,3,FALSE)} -> 35 | D86: #N/A | E86: {=VLOOKUP(A86:B86,Dati!$A$2:$F$251,4,FALSE)} -> Master | F86: #N/A | G86: {=VLOOKUP(A86:B86,Dati!A8:F257,6,FALSE)} -> Direttore risorse umane | H86: #N/A
A87: Fiorino | B87: Franscini | C87: {=VLOOKUP(A87:B87,Dati!$A$2:$F$251,3,FALSE)} -> 20 | D87: #N/A | E87: {=VLOOKUP(A87:B87,Dati!$A$2:$F$251,4,FALSE)} -> Master | F87: #N/A | G87: {=VLOOKUP(A87:B87,Dati!A202:F451,6,FALSE)} -> Impiegato amministrativo | H87: #N/A
A88: Flavia | B88: Blasi | C88: {=VLOOKUP(A88:B88,Dati!$A$2:$F$251,3,FALSE)} -> 62 | D88: #N/A | E88: {=VLOOKUP(A88:B88,Dati!$A$2:$F$251,4,FALSE)} -> Master | F88: #N/A | G88: {=VLOOKUP(A88:B88,Dati!A234:F483,6,FALSE)} -> Responsabile vendite | H88: #N/A
A89: Francesca | B89: Rosselli | C89: {=VLOOKUP(A89:B89,Dati!$A$2:$F$251,3,FALSE)} -> 49 | D89: #N/A | E89: {=VLOOKUP(A89:B89,Dati!$A$2:$F$251,4,FALSE)} -> Diploma di scuola superiore | F89: #N/A | G89: {=VLOOKUP(A89:B89,Dati!A199:F448,6,FALSE)} -> Operaio specializzato | H89: #N/A
A90: Galasso | B90: Paltrinieri | C90: {=VLOOKUP(A90:B90,Dati!$A$2:$F$251,3,FALSE)} -> 30 | D90: #N/A | E90: {=VLOOKUP(A90:B90,Dati!$A$2:$F$251,4,FALSE)} -> Dottorato di ricerca | F90: #N/A | G90: {=VLOOKUP(A90:B90,Dati!A215:F464,6,FALSE)} -> Project Manager | H90: #N/A
A91: Giacobbe | B91: Sbarbaro | C91: {=VLOOKUP(A91:B91,Dati!$A$2:$F$251,3,FALSE)} -> 32 | D91: #N/A | E91: {=VLOOKUP(A91:B91,Dati!$A$2:$F$251,4,FALSE)} -> Diploma di scuola superiore | F91: #N/A | G91: {=VLOOKUP(A91:B91,Dati!A61:F310,6,FALSE)} -> Operaio specializzato | H91: #N/A
A92: Giacomo | B92: Modugno | C92: {=VLOOKUP(A92:B92,Dati!$A$2:$F$251,3,FALSE)} -> 61 | D92: #N/A | E92: {=VLOOKUP(A92:B92,Dati!$A$2:$F$251,4,FALSE)} -> Master | F92: #N/A | G92: {=VLOOKUP(A92:B92,Dati!A51:F300,6,FALSE)} -> Addetto logistica | H92: #N/A
A93: Giada | B93: Paruta | C93: {=VLOOKUP(A93:B93,Dati!$A$2:$F$251,3,FALSE)} -> 38 | D93: #N/A | E93: {=VLOOKUP(A93:B93,Dati!$A$2:$F$251,4,FALSE)} -> Laurea magistrale | F93: #N/A | G93: {=VLOOKUP(A93:B93,Dati!A109:F358,6,FALSE)} -> Direttore risorse umane | H93: #N/A
A94: Gian | B94: Vento | C94: {=VLOOKUP(A94:B94,Dati!$A$2:$F$251,3,FALSE)} -> 47 | D94: #N/A | E94: {=VLOOKUP(A94:B94,Dati!$A$2:$F$251,4,FALSE)} -> Master | F94: #N/A | G94: {=VLOOKUP(A94:B94,Dati!A26:F275,6,FALSE)} -> Operaio specializzato | H94: #N/A
A95: Gianluigi | B95: Martucci | C95: {=VLOOKUP(A95:B95,Dati!$A$2:$F$251,3,FALSE)} -> 42 | D95: #N/A | E95: {=VLOOKUP(A95:B95,Dati!$A$2:$F$251,4,FALSE)} -> Master | F95: #N/A | G95: {=VLOOKUP(A95:B95,Dati!A32:F281,6,FALSE)} -> Addetto logistica | H95: #N/A
A96: Gianluigi | B96: Anastasi | C96: {=VLOOKUP(A96:B96,Dati!$A$2:$F$251,3,FALSE)} -> 42 | D96: #N/A | E96: {=VLOOKUP(A96:B96,Dati!$A$2:$F$251,4,FALSE)} -> Master | F96: #N/A | G96: {=VLOOKUP(A96:B96,Dati!A96:F345,6,FALSE)} -> Contabile | H96: #N/A
A97: Gianluigi | B97: Pacomio | C97: {=VLOOKUP(A97:B97,Dati!$A$2:$F$251,3,FALSE)} -> 42 | D97: #N/A | E97: {=VLOOKUP(A97:B97,Dati!$A$2:$F$251,4,FALSE)} -> Master | F97: #N/A | G97: {=VLOOKUP(A97:B97,Dati!A146:F395,6,FALSE)} -> Project Manager | H97: #N/A
A98: Gianmarco | B98: Rossetti | C98: {=VLOOKUP(A98:B98,Dati!$A$2:$F$251,3,FALSE)} -> 60 | D98: #N/A | E98: {=VLOOKUP(A98:B98,Dati!$A$2:$F$251,4,FALSE)} -> Dottorato di ricerca | F98: #N/A | G98: {=VLOOKUP(A98:B98,Dati!A186:F435,6,FALSE)} -> Impiegato amministrativo | H98: #N/A
A99: Gianna | B99: Miniati | C99: {=VLOOKUP(A99:B99,Dati!$A$2:$F$251,3,FALSE)} -> 31 | D99: #N/A | E99: {=VLOOKUP(A99:B99,Dati!$A$2:$F$251,4,FALSE)} -> Laurea magistrale | F99: #N/A | G99: {=VLOOKUP(A99:B99,Dati!A44:F293,6,FALSE)} -> Contabile | H99: #N/A
A100: Gianna | B100: Galtarossa | C100: {=VLOOKUP(A100:B100,Dati!$A$2:$F$251,3,FALSE)} -> 31 | D100: #N/A | E100: {=VLOOKUP(A100:B100,Dati!$A$2:$F$251,4,FALSE)} -> Laurea magistrale | F100: #N/A | G100: {=VLOOKUP(A100:B100,Dati!A242:F491,6,FALSE)} -> Impiegato amministrativo | H100: #N/A
...

Sheet Pivot e analisi
A3: Titolo di studio | B3: Numero dipendenti | E3: Porfessione | F3: Numero dipendenti | H3: Titolo di studio | I3: Numero dipendenti | K3: Titolo di studio | L3: Numero dipendenti
A4: Diploma di scuola superiore | B4: 78 | E4: Addetto logistica | F4: 22 | H4: Diploma di scuola superiore | K4: Laurea magistrale
A5: Dottorato di ricerca | B5: 44 | E5: Analista dati | F5: 21 | H5: Addetto logistica | I5: 4 | K5: Addetto logistica | L5: 2
A6: Laurea magistrale | B6: 37 | E6: Contabile | F6: 18 | H6: Analista dati | I6: 8 | K6: Analista dati | L6: 2
A7: Laurea triennale | B7: 39 | E7: Direttore risorse umane | F7: 24 | H7: Contabile | I7: 6 | K7: Contabile | L7: 4
A8: Master | B8: 52 | E8: Impiegato amministrativo | F8: 23 | H8: Direttore risorse umane | I8: 6 | K8: Direttore risorse umane | L8: 6
A9: Totale complessivo | B9: 250 | E9: Marketing Specialist | F9: 27 | H9: Impiegato amministrativo | I9: 8 | K9: Impiegato amministrativo | L9: 4
E10: Operaio specializzato | F10: 29 | H10: Marketing Specialist | I10: 7 | K10: Marketing Specialist | L10: 3
E11: Project Manager | F11: 28 | H11: Operaio specializzato | I11: 12 | K11: Operaio specializzato | L11: 4
A12: Età | B12: Numero dipendenti | E12: Responsabile vendite | F12: 33 | H12: Project Manager | I12: 12 | K12: Project Manager | L12: 1
A13: 20 | B13: 6 | E13: Tecnico informatico | F13: 25 | H13: Responsabile vendite | I13: 8 | K13: Responsabile vendite | L13: 4
A14: 21 | B14: 5 | E14: Totale complessivo | F14: 250 | H14: Tecnico informatico | I14: 7 | K14: Tecnico informatico | L14: 7
A15: 22 | B15: 7 | H15: Totale | I15: =SUM(I5:I14) -> 78 | K15: Totale | L15: =SUM(L5:L14) -> 37
A16: 23 | B16: 2 | E16: Titolo di studio | F16: Numero dipendenti
A17: 24 | B17: 4 | E17: Diploma di scuola superiore | F17: 78 | H17: Titolo di studio | I17: Numero dipendenti | K17: Titolo di studio | L17: Numero dipendenti
A18: 25 | B18: 6 | E18: Dottorato di ricerca | F18: 44 | H18: Dottorato di ricerca | K18: Laurea triennale
A19: 26 | B19: 4 | E19: Laurea magistrale | F19: 37 | H19: Addetto logistica | I19: 5 | K19: Addetto logistica | L19: 3
A20: 27 | B20: 6 | E20: Laurea triennale | F20: 39 | H20: Analista dati | I20: 5 | K20: Analista dati | L20: 1
A21: 28 | B21: 2 | E21: Master | F21: 52 | H21: Contabile | I21: 2 | K21: Contabile | L21: 1
A22: 29 | B22: 10 | E22: Totale complessivo | F22: 250 | H22: Direttore risorse umane | I22: 4 | K22: Direttore risorse umane | L22: 4
A23: 30 | B23: 8 | H23: Impiegato amministrativo | I23: 5 | K23: Impiegato amministrativo | L23: 3
A24: 31 | B24: 4 | H24: Marketing Specialist | I24: 6 | K24: Marketing Specialist | L24: 3
A25: 32 | B25: 12 | E25: Fascia d'età | F25: Totale | H25: Operaio specializzato | I25: 1 | K25: Operaio specializzato | L25: 6
A26: 33 | B26: 7 | E26: 18-35 | F26: =COUNTIF('Dati sistemati'!$C$2:$C$251,">35") -> 155 | H26: Project Manager | I26: 6 | K26: Project Manager | L26: 3
A27: 34 | B27: 3 | E27: 35-60 | F27: =250-(F26+F28) -> 64 | H27: Responsabile vendite | I27: 7 | K27: Responsabile vendite | L27: 10
A28: 35 | B28: 9 | E28: Over 60 | F28: =COUNTIF('Dati sistemati'!$C$2:$C$251,">60") -> 31 | H28: Tecnico informatico | I28: 3 | K28: Tecnico informatico | L28: 5
A29: 36 | B29: 6 | E29: Totale complessivo | F29: =SUM(F26:F28) -> 250 | H29: Totale | I29: =SUM(I19:I28) -> 44 | K29: Totale | L29: =SUM(L19:L28) -> 39
A30: 37 | B30: 5
A31: 38 | B31: 3 | H31: Titolo di studio | I31: Numero dipendenti
A32: 39 | B32: 3 | H32: Master
A33: 40 | B33: 5 | H33: Addetto logistica | I33: 8
A34: 41 | B34: 3 | H34: Analista dati | I34: 5
A35: 42 | B35: 12 | H35: Contabile | I35: 5
A36: 43 | B36: 6 | H36: Direttore risorse umane | I36: 4
A37: 44 | B37: 2 | H37: Impiegato amministrativo | I37: 3
A38: 45 | B38: 6 | H38: Marketing Specialist | I38: 8
A39: 46 | B39: 5 | H39: Operaio specializzato | I39: 6
A40: 47 | B40: 4 | H40: Project Manager | I40: 6
A41: 48 | B41: 3 | H41: Responsabile vendite | I41: 4
A42: 49 | B42: 7 | H42: Tecnico informatico | I42: 3
A43: 50 | B43: 4 | H43: Totale | I43: =SUM(I33:I42) -> 52
A44: 51 | B44: 9
A45: 52 | B45: 6
A46: 54 | B46: 7
A47: 55 | B47: 4
A48: 56 | B48: 8
A49: 57 | B49: 4
A50: 58 | B50: 2
A51: 59 | B51: 7
A52: 60 | B52: 3
A53: 61 | B53: 4
A54: 62 | B54: 8
A55: 63 | B55: 7
... A57: 65 | B57: 7
A58: Totale complessivo | B58: 250

Sheet Grafici
A1: Organigramma | N1: Diploma di scuola superiore | AI1: Laurea Magistrale | BD1: Dottorato di ricerca
N30: Laurea Triennale | AI30: Master
CA100: ?
